page_key,doc_id,pdf_page_number,source_family_id,target_fault_classes,target_evidence_roles,max_retrieval_score
MP002:103,MP002,103,ABS,hydraulic_blockage,symptom;cause_or_mechanism;maintenance,93.0
MP020:26,MP020,26,INDICOR__CORNELL_PUMP,impeller_or_wear_part_damage;pump_motor_misalignment;bearing_or_lubrication_failure;cavitation;air_ingress_or_loss_of_prime;hydraulic_blockage;motor_electrical_drive_failure;dry_running_or_maintenance_induced_failure,symptom;cause_or_mechanism;inspection;maintenance,93.0
MP002:102,MP002,102,ABS,hydraulic_blockage,symptom;cause_or_mechanism;maintenance,92.0
MP002:104,MP002,104,ABS,hydraulic_blockage,symptom;cause_or_mechanism;maintenance,92.0
MP020:25,MP020,25,INDICOR__CORNELL_PUMP,dry_running_or_maintenance_induced_failure;impeller_or_wear_part_damage;pump_motor_misalignment;bearing_or_lubrication_failure;cavitation;air_ingress_or_loss_of_prime;hydraulic_blockage;motor_electrical_drive_failure,maintenance;symptom;cause_or_mechanism;inspection,92.0
MP020:27,MP020,27,INDICOR__CORNELL_PUMP,impeller_or_wear_part_damage;pump_motor_misalignment;bearing_or_lubrication_failure;cavitation;air_ingress_or_loss_of_prime;hydraulic_blockage;motor_electrical_drive_failure;dry_running_or_maintenance_induced_failure,maintenance;cause_or_mechanism;symptom;inspection,92.0
MP002:101,MP002,101,ABS,hydraulic_blockage,symptom;cause_or_mechanism;maintenance,91.0
MP002:105,MP002,105,ABS,hydraulic_blockage,symptom;cause_or_mechanism;maintenance,91.0
MP020:24,MP020,24,INDICOR__CORNELL_PUMP,impeller_or_wear_part_damage;pump_motor_misalignment;bearing_or_lubrication_failure;cavitation;air_ingress_or_loss_of_prime;hydraulic_blockage;motor_electrical_drive_failure;dry_running_or_maintenance_induced_failure,cause_or_mechanism;maintenance;inspection;symptom,91.0
MP020:28,MP020,28,INDICOR__CORNELL_PUMP,impeller_or_wear_part_damage;pump_motor_misalignment;bearing_or_lubrication_failure;cavitation;air_ingress_or_loss_of_prime;hydraulic_blockage;motor_electrical_drive_failure;dry_running_or_maintenance_induced_failure,symptom;cause_or_mechanism;inspection;maintenance,91.0
MP002:100,MP002,100,ABS,hydraulic_blockage,symptom;cause_or_mechanism;maintenance,90.0
MP002:106,MP002,106,ABS,hydraulic_blockage,symptom;cause_or_mechanism;maintenance,90.0
MP020:23,MP020,23,INDICOR__CORNELL_PUMP,bearing_or_lubrication_failure;impeller_or_wear_part_damage;pump_motor_misalignment;cavitation;air_ingress_or_loss_of_prime;hydraulic_blockage;motor_electrical_drive_failure;dry_running_or_maintenance_induced_failure,maintenance;symptom;inspection;cause_or_mechanism,90.0
MP020:22,MP020,22,INDICOR__CORNELL_PUMP,impeller_or_wear_part_damage;pump_motor_misalignment;bearing_or_lubrication_failure;cavitation;air_ingress_or_loss_of_prime;hydraulic_blockage;motor_electrical_drive_failure;dry_running_or_maintenance_induced_failure,cause_or_mechanism;maintenance;inspection;symptom,89.0
MP020:21,MP020,21,INDICOR__CORNELL_PUMP,impeller_or_wear_part_damage;pump_motor_misalignment;bearing_or_lubrication_failure;cavitation;air_ingress_or_loss_of_prime;hydraulic_blockage;motor_electrical_drive_failure,cause_or_mechanism;maintenance;inspection;symptom,88.0
MP020:20,MP020,20,INDICOR__CORNELL_PUMP,bearing_or_lubrication_failure;impeller_or_wear_part_damage;pump_motor_misalignment;cavitation;air_ingress_or_loss_of_prime;hydraulic_blockage;motor_electrical_drive_failure,maintenance;symptom;inspection;cause_or_mechanism,87.0
MP015:37,MP015,37,SPX_FLOW__JOHNSON_PUMP,impeller_or_wear_part_damage,cause_or_mechanism;inspection;maintenance,85.0
MP015:36,MP015,36,SPX_FLOW__JOHNSON_PUMP,impeller_or_wear_part_damage,cause_or_mechanism;inspection;maintenance,84.0
MP015:38,MP015,38,SPX_FLOW__JOHNSON_PUMP,impeller_or_wear_part_damage;mechanical_seal_failure,inspection;maintenance;cause_or_mechanism,84.0
MP015:35,MP015,35,SPX_FLOW__JOHNSON_PUMP,impeller_or_wear_part_damage;hydraulic_blockage;mechanical_seal_failure;air_ingress_or_loss_of_prime,cause_or_mechanism;inspection;maintenance;symptom,83.0
MP015:39,MP015,39,SPX_FLOW__JOHNSON_PUMP,impeller_or_wear_part_damage;mechanical_seal_failure,maintenance;cause_or_mechanism;inspection,83.0
MP015:34,MP015,34,SPX_FLOW__JOHNSON_PUMP,impeller_or_wear_part_damage;hydraulic_blockage;mechanical_seal_failure;air_ingress_or_loss_of_prime,cause_or_mechanism;inspection;maintenance;symptom,82.0
MP015:40,MP015,40,SPX_FLOW__JOHNSON_PUMP,impeller_or_wear_part_damage;mechanical_seal_failure,cause_or_mechanism;maintenance;inspection,82.0
MP015:41,MP015,41,SPX_FLOW__JOHNSON_PUMP,mechanical_seal_failure;impeller_or_wear_part_damage,maintenance;inspection;cause_or_mechanism,81.0
MP015:42,MP015,42,SPX_FLOW__JOHNSON_PUMP,impeller_or_wear_part_damage;mechanical_seal_failure,cause_or_mechanism;maintenance;inspection,80.0
MP015:43,MP015,43,SPX_FLOW__JOHNSON_PUMP,impeller_or_wear_part_damage;mechanical_seal_failure,cause_or_mechanism;maintenance;inspection,79.0
MP015:44,MP015,44,SPX_FLOW__JOHNSON_PUMP,mechanical_seal_failure;impeller_or_wear_part_damage,maintenance;inspection;cause_or_mechanism,78.0
MP015:8,MP015,8,SPX_FLOW__JOHNSON_PUMP,impeller_or_wear_part_damage,cause_or_mechanism;inspection;maintenance;symptom,58.5
MP015:7,MP015,7,SPX_FLOW__JOHNSON_PUMP,impeller_or_wear_part_damage,cause_or_mechanism;inspection;maintenance;symptom,57.5
MP015:9,MP015,9,SPX_FLOW__JOHNSON_PUMP,impeller_or_wear_part_damage,cause_or_mechanism;inspection;maintenance;symptom,57.5
MP015:10,MP015,10,SPX_FLOW__JOHNSON_PUMP,impeller_or_wear_part_damage,cause_or_mechanism;inspection;maintenance;symptom,56.5
MP015:11,MP015,11,SPX_FLOW__JOHNSON_PUMP,impeller_or_wear_part_damage,cause_or_mechanism;inspection;maintenance;symptom,55.5
MP015:5,MP015,5,SPX_FLOW__JOHNSON_PUMP,impeller_or_wear_part_damage,cause_or_mechanism;inspection;maintenance;symptom,55.5
MP005:68,MP005,68,DESMI,bearing_or_lubrication_failure;mechanical_seal_failure;hydraulic_blockage;dry_running_or_maintenance_induced_failure;cavitation,symptom;inspection;maintenance;cause_or_mechanism,54.0
MP005:70,MP005,70,DESMI,bearing_or_lubrication_failure;mechanical_seal_failure;dry_running_or_maintenance_induced_failure;hydraulic_blockage;cavitation,maintenance;symptom;cause_or_mechanism;inspection,54.0
MP005:67,MP005,67,DESMI,dry_running_or_maintenance_induced_failure;mechanical_seal_failure;bearing_or_lubrication_failure;hydraulic_blockage;cavitation,symptom;cause_or_mechanism;inspection;maintenance,53.0
MP005:69,MP005,69,DESMI,mechanical_seal_failure;bearing_or_lubrication_failure;dry_running_or_maintenance_induced_failure;hydraulic_blockage;cavitation,symptom;inspection;maintenance;cause_or_mechanism,53.0
MP005:71,MP005,71,DESMI,bearing_or_lubrication_failure;mechanical_seal_failure;hydraulic_blockage;dry_running_or_maintenance_induced_failure;cavitation,maintenance;symptom;cause_or_mechanism;inspection,53.0
MP007:18,MP007,18,DESMI,hydraulic_blockage;mechanical_seal_failure;cavitation;dry_running_or_maintenance_induced_failure;bearing_or_lubrication_failure,symptom;cause_or_mechanism;maintenance;inspection,53.0
MP015:32,MP015,32,SPX_FLOW__JOHNSON_PUMP,impeller_or_wear_part_damage;hydraulic_blockage;mechanical_seal_failure;air_ingress_or_loss_of_prime;dry_running_or_maintenance_induced_failure;cavitation,cause_or_mechanism;symptom;maintenance;inspection,53.0
MP005:66,MP005,66,DESMI,mechanical_seal_failure;bearing_or_lubrication_failure;hydraulic_blockage;dry_running_or_maintenance_induced_failure;cavitation,symptom;cause_or_mechanism;inspection;maintenance,52.0
MP005:72,MP005,72,DESMI,bearing_or_lubrication_failure;mechanical_seal_failure;hydraulic_blockage;dry_running_or_maintenance_induced_failure;cavitation,maintenance;inspection;symptom;cause_or_mechanism,52.0
MP007:17,MP007,17,DESMI,mechanical_seal_failure;cavitation;hydraulic_blockage;dry_running_or_maintenance_induced_failure;bearing_or_lubrication_failure,symptom;cause_or_mechanism;maintenance;inspection,52.0
MP007:19,MP007,19,DESMI,hydraulic_blockage;mechanical_seal_failure;cavitation;dry_running_or_maintenance_induced_failure,symptom;cause_or_mechanism;maintenance;inspection,52.0
MP015:31,MP015,31,SPX_FLOW__JOHNSON_PUMP,impeller_or_wear_part_damage;hydraulic_blockage;mechanical_seal_failure;air_ingress_or_loss_of_prime;dry_running_or_maintenance_induced_failure;cavitation,cause_or_mechanism;symptom;maintenance;inspection,52.0
MP015:33,MP015,33,SPX_FLOW__JOHNSON_PUMP,impeller_or_wear_part_damage;hydraulic_blockage;mechanical_seal_failure;air_ingress_or_loss_of_prime;cavitation;dry_running_or_maintenance_induced_failure,cause_or_mechanism;symptom;maintenance;inspection,52.0
MP005:65,MP005,65,DESMI,mechanical_seal_failure;hydraulic_blockage;bearing_or_lubrication_failure;dry_running_or_maintenance_induced_failure;cavitation;air_ingress_or_loss_of_prime,symptom;cause_or_mechanism;inspection;maintenance,51.0
MP005:73,MP005,73,DESMI,bearing_or_lubrication_failure;mechanical_seal_failure;hydraulic_blockage,maintenance;symptom;cause_or_mechanism;inspection,51.0
MP007:16,MP007,16,DESMI,hydraulic_blockage;mechanical_seal_failure;cavitation;dry_running_or_maintenance_induced_failure;bearing_or_lubrication_failure,symptom;cause_or_mechanism;maintenance;inspection,51.0
MP007:20,MP007,20,DESMI,hydraulic_blockage;mechanical_seal_failure;cavitation;dry_running_or_maintenance_induced_failure,symptom;cause_or_mechanism;maintenance;inspection,51.0
MP015:30,MP015,30,SPX_FLOW__JOHNSON_PUMP,cavitation;impeller_or_wear_part_damage;hydraulic_blockage;mechanical_seal_failure;air_ingress_or_loss_of_prime;dry_running_or_maintenance_induced_failure,symptom;maintenance;inspection;cause_or_mechanism,51.0
MP005:61,MP005,61,DESMI,mechanical_seal_failure;cavitation;dry_running_or_maintenance_induced_failure;bearing_or_lubrication_failure;hydraulic_blockage;air_ingress_or_loss_of_prime;motor_electrical_drive_failure,symptom;cause_or_mechanism;maintenance;inspection,50.0
MP005:64,MP005,64,DESMI,mechanical_seal_failure;hydraulic_blockage;cavitation;bearing_or_lubrication_failure;dry_running_or_maintenance_induced_failure;air_ingress_or_loss_of_prime,symptom;cause_or_mechanism;maintenance;inspection,50.0
MP005:74,MP005,74,DESMI,hydraulic_blockage;bearing_or_lubrication_failure;mechanical_seal_failure,cause_or_mechanism;maintenance;inspection;symptom,50.0
MP007:15,MP007,15,DESMI,bearing_or_lubrication_failure;hydraulic_blockage;mechanical_seal_failure;cavitation;dry_running_or_maintenance_induced_failure,maintenance;symptom;cause_or_mechanism;inspection,50.0
MP007:21,MP007,21,DESMI,hydraulic_blockage,symptom;cause_or_mechanism;maintenance;inspection,50.0
MP015:29,MP015,29,SPX_FLOW__JOHNSON_PUMP,mechanical_seal_failure;dry_running_or_maintenance_induced_failure;impeller_or_wear_part_damage;hydraulic_blockage;air_ingress_or_loss_of_prime;cavitation,maintenance;symptom;inspection;cause_or_mechanism,50.0
MP015:101,MP015,101,SPX_FLOW__JOHNSON_PUMP,impeller_or_wear_part_damage,maintenance;cause_or_mechanism,49.5
MP005:60,MP005,60,DESMI,hydraulic_blockage;cavitation;air_ingress_or_loss_of_prime;mechanical_seal_failure;dry_running_or_maintenance_induced_failure;bearing_or_lubrication_failure;motor_electrical_drive_failure,symptom;cause_or_mechanism;maintenance;inspection,49.0
MP005:62,MP005,62,DESMI,mechanical_seal_failure;hydraulic_blockage;dry_running_or_maintenance_induced_failure;cavitation;bearing_or_lubrication_failure;air_ingress_or_loss_of_prime,symptom;cause_or_mechanism;inspection;maintenance,49.0
MP005:63,MP005,63,DESMI,dry_running_or_maintenance_induced_failure;mechanical_seal_failure;bearing_or_lubrication_failure;cavitation;hydraulic_blockage;air_ingress_or_loss_of_prime,symptom;cause_or_mechanism;inspection;maintenance,49.0
MP005:75,MP005,75,DESMI,bearing_or_lubrication_failure;mechanical_seal_failure;hydraulic_blockage,maintenance;inspection;symptom;cause_or_mechanism,49.0
MP007:14,MP007,14,DESMI,mechanical_seal_failure;cavitation;hydraulic_blockage;dry_running_or_maintenance_induced_failure;bearing_or_lubrication_failure,symptom;cause_or_mechanism;maintenance;inspection,49.0
MP015:28,MP015,28,SPX_FLOW__JOHNSON_PUMP,dry_running_or_maintenance_induced_failure;cavitation;mechanical_seal_failure;impeller_or_wear_part_damage;hydraulic_blockage;air_ingress_or_loss_of_prime,maintenance;symptom;inspection;cause_or_mechanism,49.0
MP015:100,MP015,100,SPX_FLOW__JOHNSON_PUMP,impeller_or_wear_part_damage,cause_or_mechanism;maintenance,48.5
MP015:102,MP015,102,SPX_FLOW__JOHNSON_PUMP,impeller_or_wear_part_damage,maintenance;cause_or_mechanism,48.5
MP005:59,MP005,59,DESMI,mechanical_seal_failure;cavitation;hydraulic_blockage;air_ingress_or_loss_of_prime;dry_running_or_maintenance_induced_failure;bearing_or_lubrication_failure;motor_electrical_drive_failure,symptom;cause_or_mechanism;maintenance;inspection,48.0
MP005:76,MP005,76,DESMI,hydraulic_blockage;bearing_or_lubrication_failure;mechanical_seal_failure,cause_or_mechanism;maintenance;inspection;symptom,48.0
MP007:13,MP007,13,DESMI,mechanical_seal_failure;dry_running_or_maintenance_induced_failure;bearing_or_lubrication_failure;hydraulic_blockage;cavitation,inspection;maintenance;symptom;cause_or_mechanism,48.0
MP015:27,MP015,27,SPX_FLOW__JOHNSON_PUMP,mechanical_seal_failure;dry_running_or_maintenance_induced_failure;impeller_or_wear_part_damage;hydraulic_blockage;air_ingress_or_loss_of_prime;cavitation,maintenance;symptom;inspection;cause_or_mechanism,48.0
MP015:103,MP015,103,SPX_FLOW__JOHNSON_PUMP,impeller_or_wear_part_damage,maintenance;cause_or_mechanism,47.5
MP015:99,MP015,99,SPX_FLOW__JOHNSON_PUMP,impeller_or_wear_part_damage,maintenance;cause_or_mechanism,47.5
MP005:58,MP005,58,DESMI,motor_electrical_drive_failure;mechanical_seal_failure;cavitation;dry_running_or_maintenance_induced_failure;hydraulic_blockage;air_ingress_or_loss_of_prime;bearing_or_lubrication_failure,inspection;maintenance;cause_or_mechanism;symptom,47.0
MP005:77,MP005,77,DESMI,hydraulic_blockage;bearing_or_lubrication_failure;mechanical_seal_failure,cause_or_mechanism;maintenance;inspection;symptom,47.0
MP007:12,MP007,12,DESMI,mechanical_seal_failure;dry_running_or_maintenance_induced_failure;bearing_or_lubrication_failure;hydraulic_blockage;cavitation,inspection;maintenance;symptom;cause_or_mechanism,47.0
MP015:104,MP015,104,SPX_FLOW__JOHNSON_PUMP,impeller_or_wear_part_damage,maintenance;cause_or_mechanism,46.5
MP015:98,MP015,98,SPX_FLOW__JOHNSON_PUMP,impeller_or_wear_part_damage,maintenance;cause_or_mechanism,46.5
MP005:53,MP005,53,DESMI,dry_running_or_maintenance_induced_failure;motor_electrical_drive_failure;mechanical_seal_failure;bearing_or_lubrication_failure,symptom;cause_or_mechanism;inspection;maintenance,46.0
MP005:57,MP005,57,DESMI,motor_electrical_drive_failure;mechanical_seal_failure;dry_running_or_maintenance_induced_failure;hydraulic_blockage;cavitation;air_ingress_or_loss_of_prime;bearing_or_lubrication_failure,inspection;maintenance;symptom;cause_or_mechanism,46.0
MP015:25,MP015,25,SPX_FLOW__JOHNSON_PUMP,dry_running_or_maintenance_induced_failure;cavitation;mechanical_seal_failure;impeller_or_wear_part_damage;hydraulic_blockage;air_ingress_or_loss_of_prime,maintenance;symptom;inspection;cause_or_mechanism,46.0
MP015:97,MP015,97,SPX_FLOW__JOHNSON_PUMP,impeller_or_wear_part_damage,cause_or_mechanism;maintenance,45.5
MP005:52,MP005,52,DESMI,dry_running_or_maintenance_induced_failure;motor_electrical_drive_failure;mechanical_seal_failure;bearing_or_lubrication_failure,cause_or_mechanism;maintenance;symptom;inspection,45.0
MP005:54,MP005,54,DESMI,mechanical_seal_failure;bearing_or_lubrication_failure;dry_running_or_maintenance_induced_failure;motor_electrical_drive_failure,maintenance;inspection;symptom;cause_or_mechanism,45.0
MP005:56,MP005,56,DESMI,dry_running_or_maintenance_induced_failure;motor_electrical_drive_failure;mechanical_seal_failure;cavitation;hydraulic_blockage;air_ingress_or_loss_of_prime;bearing_or_lubrication_failure,symptom;cause_or_mechanism;inspection;maintenance,45.0
MP018:17,MP018,17,PATTERSON_PUMP,bearing_or_lubrication_failure;impeller_or_wear_part_damage;mechanical_seal_failure;air_ingress_or_loss_of_prime,maintenance;symptom;cause_or_mechanism;inspection,45.0
MP001:76,MP001,76,ABS,bearing_or_lubrication_failure,cause_or_mechanism;symptom;inspection;maintenance,44.0379
MP005:51,MP005,51,DESMI,dry_running_or_maintenance_induced_failure;mechanical_seal_failure;bearing_or_lubrication_failure;motor_electrical_drive_failure;cavitation,cause_or_mechanism;maintenance;inspection;symptom,44.0
MP005:55,MP005,55,DESMI,motor_electrical_drive_failure;mechanical_seal_failure;dry_running_or_maintenance_induced_failure;cavitation;hydraulic_blockage;air_ingress_or_loss_of_prime;bearing_or_lubrication_failure,inspection;maintenance;symptom;cause_or_mechanism,44.0
MP015:18,MP015,18,SPX_FLOW__JOHNSON_PUMP,impeller_or_wear_part_damage;mechanical_seal_failure,maintenance;cause_or_mechanism;symptom;inspection,44.0
MP018:16,MP018,16,PATTERSON_PUMP,bearing_or_lubrication_failure;impeller_or_wear_part_damage;air_ingress_or_loss_of_prime;mechanical_seal_failure,maintenance;symptom;cause_or_mechanism;inspection,44.0
MP018:18,MP018,18,PATTERSON_PUMP,bearing_or_lubrication_failure;mechanical_seal_failure;impeller_or_wear_part_damage;air_ingress_or_loss_of_prime,symptom;maintenance;cause_or_mechanism;inspection,44.0
MP021:17,MP021,17,IDEX__VIKING_PUMP,air_ingress_or_loss_of_prime;pipe_or_valve_integrity_failure;hydraulic_blockage;cavitation;bearing_or_lubrication_failure,symptom;cause_or_mechanism;inspection;maintenance,44.0
MP002:115,MP002,115,ABS,hydraulic_blockage,symptom;cause_or_mechanism;maintenance,43.5
MP001:75,MP001,75,ABS,bearing_or_lubrication_failure,cause_or_mechanism;symptom;inspection;maintenance,43.0379
MP001:77,MP001,77,ABS,bearing_or_lubrication_failure,cause_or_mechanism;symptom;inspection;maintenance,43.0379
MP005:50,MP005,50,DESMI,dry_running_or_maintenance_induced_failure;cavitation;motor_electrical_drive_failure;mechanical_seal_failure;bearing_or_lubrication_failure,symptom;cause_or_mechanism;maintenance;inspection,43.0
MP015:17,MP015,17,SPX_FLOW__JOHNSON_PUMP,impeller_or_wear_part_damage;mechanical_seal_failure,maintenance;cause_or_mechanism;symptom,43.0
MP015:19,MP015,19,SPX_FLOW__JOHNSON_PUMP,impeller_or_wear_part_damage;mechanical_seal_failure,maintenance;cause_or_mechanism;symptom;inspection,43.0
MP018:15,MP018,15,PATTERSON_PUMP,bearing_or_lubrication_failure;air_ingress_or_loss_of_prime;mechanical_seal_failure;impeller_or_wear_part_damage,maintenance;symptom;cause_or_mechanism;inspection,43.0
MP018:19,MP018,19,PATTERSON_PUMP,impeller_or_wear_part_damage;bearing_or_lubrication_failure;mechanical_seal_failure;air_ingress_or_loss_of_prime,inspection;maintenance;symptom;cause_or_mechanism,43.0
MP021:16,MP021,16,IDEX__VIKING_PUMP,pipe_or_valve_integrity_failure;air_ingress_or_loss_of_prime;hydraulic_blockage;cavitation;bearing_or_lubrication_failure,symptom;inspection;maintenance;cause_or_mechanism,43.0
MP021:18,MP021,18,IDEX__VIKING_PUMP,bearing_or_lubrication_failure;air_ingress_or_loss_of_prime;pipe_or_valve_integrity_failure;hydraulic_blockage;cavitation,cause_or_mechanism;inspection;maintenance;symptom,43.0
MP002:114,MP002,114,ABS,hydraulic_blockage,symptom;cause_or_mechanism;maintenance,42.5
MP002:116,MP002,116,ABS,hydraulic_blockage,symptom;cause_or_mechanism;maintenance,42.5
MP001:74,MP001,74,ABS,bearing_or_lubrication_failure,cause_or_mechanism;symptom;inspection;maintenance,42.0379
MP001:78,MP001,78,ABS,bearing_or_lubrication_failure,cause_or_mechanism;symptom;inspection;maintenance,42.0379
MP005:49,MP005,49,DESMI,dry_running_or_maintenance_induced_failure;cavitation;motor_electrical_drive_failure;mechanical_seal_failure;bearing_or_lubrication_failure,cause_or_mechanism;maintenance;inspection;symptom,42.0
MP015:16,MP015,16,SPX_FLOW__JOHNSON_PUMP,impeller_or_wear_part_damage;mechanical_seal_failure,maintenance;cause_or_mechanism;symptom,42.0
MP018:14,MP018,14,PATTERSON_PUMP,bearing_or_lubrication_failure;air_ingress_or_loss_of_prime;hydraulic_blockage;impeller_or_wear_part_damage;mechanical_seal_failure,maintenance;symptom;cause_or_mechanism;inspection,42.0
MP018:20,MP018,20,PATTERSON_PUMP,bearing_or_lubrication_failure;impeller_or_wear_part_damage;mechanical_seal_failure,maintenance;inspection;symptom;cause_or_mechanism,42.0
MP021:15,MP021,15,IDEX__VIKING_PUMP,hydraulic_blockage;air_ingress_or_loss_of_prime;pipe_or_valve_integrity_failure;cavitation;bearing_or_lubrication_failure;mechanical_seal_failure,cause_or_mechanism;maintenance;inspection;symptom,42.0
MP021:19,MP021,19,IDEX__VIKING_PUMP,air_ingress_or_loss_of_prime;pipe_or_valve_integrity_failure;hydraulic_blockage;cavitation;bearing_or_lubrication_failure,symptom;cause_or_mechanism;inspection;maintenance,42.0
MP002:113,MP002,113,ABS,hydraulic_blockage,symptom;cause_or_mechanism;maintenance,41.5
MP002:117,MP002,117,ABS,hydraulic_blockage,symptom;cause_or_mechanism;maintenance,41.5
MP001:73,MP001,73,ABS,bearing_or_lubrication_failure,cause_or_mechanism;symptom;inspection;maintenance,41.0379
MP001:79,MP001,79,ABS,bearing_or_lubrication_failure,cause_or_mechanism;symptom;inspection;maintenance,41.0379
MP004:11,MP004,11,DESMI,air_ingress_or_loss_of_prime;hydraulic_blockage;cavitation;pump_motor_misalignment;bearing_or_lubrication_failure;mechanical_seal_failure;impeller_or_wear_part_damage;dry_running_or_maintenance_induced_failure,symptom;cause_or_mechanism;maintenance;inspection,41.0
MP004:5,MP004,5,DESMI,impeller_or_wear_part_damage;bearing_or_lubrication_failure;air_ingress_or_loss_of_prime;hydraulic_blockage,symptom;cause_or_mechanism;inspection;maintenance,41.0
MP005:48,MP005,48,DESMI,cavitation;dry_running_or_maintenance_induced_failure,cause_or_mechanism;inspection;maintenance;symptom,41.0
MP015:15,MP015,15,SPX_FLOW__JOHNSON_PUMP,impeller_or_wear_part_damage;mechanical_seal_failure,maintenance;cause_or_mechanism;symptom,41.0
MP015:21,MP015,21,SPX_FLOW__JOHNSON_PUMP,mechanical_seal_failure;impeller_or_wear_part_damage,maintenance;symptom;inspection;cause_or_mechanism,41.0
MP018:13,MP018,13,PATTERSON_PUMP,bearing_or_lubrication_failure;air_ingress_or_loss_of_prime;hydraulic_blockage;impeller_or_wear_part_damage;mechanical_seal_failure,inspection;maintenance;cause_or_mechanism;symptom,41.0
MP018:21,MP018,21,PATTERSON_PUMP,impeller_or_wear_part_damage;bearing_or_lubrication_failure;mechanical_seal_failure,inspection;maintenance;cause_or_mechanism;symptom,41.0
MP021:14,MP021,14,IDEX__VIKING_PUMP,air_ingress_or_loss_of_prime;pipe_or_valve_integrity_failure;hydraulic_blockage;cavitation;bearing_or_lubrication_failure;mechanical_seal_failure,symptom;cause_or_mechanism;inspection;maintenance,41.0
MP021:20,MP021,20,IDEX__VIKING_PUMP,air_ingress_or_loss_of_prime;pipe_or_valve_integrity_failure;hydraulic_blockage;cavitation;bearing_or_lubrication_failure,symptom;cause_or_mechanism;inspection;maintenance,41.0
MP002:112,MP002,112,ABS,hydraulic_blockage,symptom;cause_or_mechanism;maintenance,40.5
MP002:118,MP002,118,ABS,hydraulic_blockage,symptom;cause_or_mechanism;maintenance,40.5
MP004:10,MP004,10,DESMI,cavitation;dry_running_or_maintenance_induced_failure;air_ingress_or_loss_of_prime;hydraulic_blockage;pump_motor_misalignment;bearing_or_lubrication_failure;mechanical_seal_failure;impeller_or_wear_part_damage,inspection;maintenance;symptom;cause_or_mechanism,40.0
MP004:12,MP004,12,DESMI,cavitation;air_ingress_or_loss_of_prime;pump_motor_misalignment;hydraulic_blockage;bearing_or_lubrication_failure;mechanical_seal_failure;dry_running_or_maintenance_induced_failure;impeller_or_wear_part_damage,symptom;inspection;maintenance;cause_or_mechanism,40.0
MP004:4,MP004,4,DESMI,impeller_or_wear_part_damage,symptom;cause_or_mechanism,40.0
MP004:6,MP004,6,DESMI,impeller_or_wear_part_damage;bearing_or_lubrication_failure;air_ingress_or_loss_of_prime;hydraulic_blockage,symptom;cause_or_mechanism;inspection;maintenance,40.0
MP005:47,MP005,47,DESMI,cavitation;dry_running_or_maintenance_induced_failure,cause_or_mechanism;inspection;maintenance;symptom,40.0
MP015:22,MP015,22,SPX_FLOW__JOHNSON_PUMP,mechanical_seal_failure;impeller_or_wear_part_damage,maintenance;symptom;inspection;cause_or_mechanism,40.0
MP017:20,MP017,20,GORMAN_RUPP,bearing_or_lubrication_failure;pump_motor_misalignment;hydraulic_blockage;air_ingress_or_loss_of_prime,maintenance;symptom;cause_or_mechanism;inspection,40.0
MP018:12,MP018,12,PATTERSON_PUMP,bearing_or_lubrication_failure;air_ingress_or_loss_of_prime;hydraulic_blockage,maintenance;symptom;cause_or_mechanism;inspection,40.0
MP018:22,MP018,22,PATTERSON_PUMP,impeller_or_wear_part_damage;bearing_or_lubrication_failure,inspection;maintenance;cause_or_mechanism;symptom,40.0
MP018:24,MP018,24,PATTERSON_PUMP,impeller_or_wear_part_damage;pump_motor_misalignment;bearing_or_lubrication_failure;hydraulic_blockage;cavitation,inspection;maintenance;cause_or_mechanism;symptom,40.0
MP021:13,MP021,13,IDEX__VIKING_PUMP,pipe_or_valve_integrity_failure;air_ingress_or_loss_of_prime;hydraulic_blockage;cavitation;bearing_or_lubrication_failure;mechanical_seal_failure,symptom;inspection;maintenance;cause_or_mechanism,40.0
MP004:13,MP004,13,DESMI,bearing_or_lubrication_failure;hydraulic_blockage;mechanical_seal_failure;air_ingress_or_loss_of_prime;cavitation;pump_motor_misalignment;dry_running_or_maintenance_induced_failure;impeller_or_wear_part_damage,maintenance;inspection;symptom;cause_or_mechanism,39.0
MP004:7,MP004,7,DESMI,impeller_or_wear_part_damage;bearing_or_lubrication_failure;air_ingress_or_loss_of_prime;hydraulic_blockage;cavitation;dry_running_or_maintenance_induced_failure;pump_motor_misalignment;mechanical_seal_failure,symptom;cause_or_mechanism;inspection;maintenance,39.0
MP004:9,MP004,9,DESMI,air_ingress_or_loss_of_prime;hydraulic_blockage;cavitation;pump_motor_misalignment;impeller_or_wear_part_damage;bearing_or_lubrication_failure;dry_running_or_maintenance_induced_failure;mechanical_seal_failure,symptom;cause_or_mechanism;maintenance;inspection,39.0
MP005:46,MP005,46,DESMI,cavitation;dry_running_or_maintenance_induced_failure,cause_or_mechanism;inspection;maintenance;symptom,39.0
MP015:23,MP015,23,SPX_FLOW__JOHNSON_PUMP,mechanical_seal_failure;impeller_or_wear_part_damage,maintenance;symptom;inspection;cause_or_mechanism,39.0
MP017:19,MP017,19,GORMAN_RUPP,bearing_or_lubrication_failure;pump_motor_misalignment;hydraulic_blockage;air_ingress_or_loss_of_prime,maintenance;symptom;cause_or_mechanism;inspection,39.0
MP017:21,MP017,21,GORMAN_RUPP,bearing_or_lubrication_failure;pump_motor_misalignment;hydraulic_blockage;air_ingress_or_loss_of_prime,maintenance;symptom;cause_or_mechanism;inspection,39.0
MP018:11,MP018,11,PATTERSON_PUMP,air_ingress_or_loss_of_prime;bearing_or_lubrication_failure;hydraulic_blockage,maintenance;inspection;symptom;cause_or_mechanism,39.0
MP018:23,MP018,23,PATTERSON_PUMP,impeller_or_wear_part_damage;pump_motor_misalignment;bearing_or_lubrication_failure,inspection;maintenance;cause_or_mechanism;symptom,39.0
MP021:12,MP021,12,IDEX__VIKING_PUMP,hydraulic_blockage;air_ingress_or_loss_of_prime;pipe_or_valve_integrity_failure;cavitation;bearing_or_lubrication_failure;mechanical_seal_failure,maintenance;cause_or_mechanism;inspection;symptom,39.0
MP004:14,MP004,14,DESMI,air_ingress_or_loss_of_prime;hydraulic_blockage;cavitation;pump_motor_misalignment;bearing_or_lubrication_failure;mechanical_seal_failure,symptom;cause_or_mechanism;maintenance;inspection,38.0
MP004:8,MP004,8,DESMI,impeller_or_wear_part_damage;bearing_or_lubrication_failure;air_ingress_or_loss_of_prime;hydraulic_blockage;cavitation;dry_running_or_maintenance_induced_failure;pump_motor_misalignment;mechanical_seal_failure,inspection;maintenance;symptom;cause_or_mechanism,38.0
MP005:117,MP005,117,DESMI,impeller_or_wear_part_damage;mechanical_seal_failure,cause_or_mechanism,38.0
MP005:45,MP005,45,DESMI,cavitation;dry_running_or_maintenance_induced_failure,cause_or_mechanism;inspection;maintenance;symptom,38.0
MP005:9,MP005,9,DESMI,hydraulic_blockage;bearing_or_lubrication_failure,symptom;maintenance;inspection,38.0
MP015:24,MP015,24,SPX_FLOW__JOHNSON_PUMP,mechanical_seal_failure;impeller_or_wear_part_damage,maintenance;symptom;inspection;cause_or_mechanism,38.0
MP017:18,MP017,18,GORMAN_RUPP,hydraulic_blockage;air_ingress_or_loss_of_prime;bearing_or_lubrication_failure;pump_motor_misalignment,symptom;maintenance;inspection;cause_or_mechanism,38.0
MP018:26,MP018,26,PATTERSON_PUMP,pump_motor_misalignment;bearing_or_lubrication_failure;impeller_or_wear_part_damage;hydraulic_blockage;cavitation,cause_or_mechanism;maintenance;symptom;inspection,38.0
MP021:11,MP021,11,IDEX__VIKING_PUMP,bearing_or_lubrication_failure;mechanical_seal_failure;hydraulic_blockage;air_ingress_or_loss_of_prime;pipe_or_valve_integrity_failure;cavitation,inspection;maintenance;symptom;cause_or_mechanism,38.0
MP001:57,MP001,57,ABS,bearing_or_lubrication_failure;cavitation;pump_motor_misalignment;dry_running_or_maintenance_induced_failure,symptom;cause_or_mechanism;inspection;maintenance,37.0
MP004:15,MP004,15,DESMI,cavitation;air_ingress_or_loss_of_prime;pump_motor_misalignment;hydraulic_blockage;bearing_or_lubrication_failure;mechanical_seal_failure,symptom;inspection;maintenance;cause_or_mechanism,37.0
MP005:10,MP005,10,DESMI,hydraulic_blockage;bearing_or_lubrication_failure;cavitation;mechanical_seal_failure,symptom;maintenance;inspection,37.0
MP005:116,MP005,116,DESMI,impeller_or_wear_part_damage;mechanical_seal_failure,cause_or_mechanism,37.0
MP005:118,MP005,118,DESMI,impeller_or_wear_part_damage;mechanical_seal_failure,cause_or_mechanism,37.0
MP005:8,MP005,8,DESMI,hydraulic_blockage;bearing_or_lubrication_failure,symptom;maintenance;inspection,37.0
MP015:85,MP015,85,SPX_FLOW__JOHNSON_PUMP,impeller_or_wear_part_damage,maintenance;cause_or_mechanism,37.0
MP017:17,MP017,17,GORMAN_RUPP,bearing_or_lubrication_failure;pump_motor_misalignment;hydraulic_blockage;air_ingress_or_loss_of_prime,maintenance;symptom;cause_or_mechanism;inspection,37.0
MP018:27,MP018,27,PATTERSON_PUMP,hydraulic_blockage;cavitation;pump_motor_misalignment;bearing_or_lubrication_failure;impeller_or_wear_part_damage,cause_or_mechanism;symptom;maintenance;inspection,37.0
MP018:9,MP018,9,PATTERSON_PUMP,hydraulic_blockage;bearing_or_lubrication_failure;air_ingress_or_loss_of_prime,maintenance;inspection;symptom;cause_or_mechanism,37.0
MP021:10,MP021,10,IDEX__VIKING_PUMP,bearing_or_lubrication_failure;mechanical_seal_failure;hydraulic_blockage;air_ingress_or_loss_of_prime;pipe_or_valve_integrity_failure;cavitation,maintenance;inspection;cause_or_mechanism;symptom,37.0
MP001:56,MP001,56,ABS,bearing_or_lubrication_failure;cavitation;pump_motor_misalignment;dry_running_or_maintenance_induced_failure,symptom;cause_or_mechanism;inspection;maintenance,36.0
MP001:58,MP001,58,ABS,bearing_or_lubrication_failure;cavitation;pump_motor_misalignment;dry_running_or_maintenance_induced_failure,symptom;cause_or_mechanism;inspection;maintenance,36.0
MP004:16,MP004,16,DESMI,bearing_or_lubrication_failure;hydraulic_blockage;mechanical_seal_failure;air_ingress_or_loss_of_prime;cavitation;pump_motor_misalignment,maintenance;inspection;symptom;cause_or_mechanism,36.0
MP005:11,MP005,11,DESMI,hydraulic_blockage;bearing_or_lubrication_failure;cavitation;mechanical_seal_failure,symptom;maintenance;inspection;cause_or_mechanism,36.0
MP005:115,MP005,115,DESMI,impeller_or_wear_part_damage;mechanical_seal_failure,cause_or_mechanism,36.0
MP005:119,MP005,119,DESMI,impeller_or_wear_part_damage;mechanical_seal_failure,cause_or_mechanism,36.0
MP005:7,MP005,7,DESMI,hydraulic_blockage;bearing_or_lubrication_failure,symptom;maintenance;inspection,36.0
MP015:84,MP015,84,SPX_FLOW__JOHNSON_PUMP,impeller_or_wear_part_damage,maintenance;cause_or_mechanism,36.0
MP015:86,MP015,86,SPX_FLOW__JOHNSON_PUMP,impeller_or_wear_part_damage,maintenance;cause_or_mechanism,36.0
MP017:16,MP017,16,GORMAN_RUPP,bearing_or_lubrication_failure;pump_motor_misalignment;hydraulic_blockage;air_ingress_or_loss_of_prime,maintenance;symptom;cause_or_mechanism;inspection,36.0
MP018:28,MP018,28,PATTERSON_PUMP,pump_motor_misalignment;bearing_or_lubrication_failure;impeller_or_wear_part_damage;hydraulic_blockage;cavitation,cause_or_mechanism;maintenance;symptom;inspection,36.0
MP021:9,MP021,9,IDEX__VIKING_PUMP,bearing_or_lubrication_failure;mechanical_seal_failure;hydraulic_blockage;air_ingress_or_loss_of_prime;pipe_or_valve_integrity_failure;cavitation,inspection;maintenance;symptom;cause_or_mechanism,36.0
MP002:111,MP002,111,ABS,hydraulic_blockage,symptom;cause_or_mechanism;maintenance,35.5
MP001:55,MP001,55,ABS,bearing_or_lubrication_failure;cavitation;pump_motor_misalignment;dry_running_or_maintenance_induced_failure,symptom;cause_or_mechanism;inspection;maintenance,35.0
MP001:59,MP001,59,ABS,bearing_or_lubrication_failure;cavitation;pump_motor_misalignment;dry_running_or_maintenance_induced_failure,symptom;cause_or_mechanism;inspection;maintenance,35.0
MP005:114,MP005,114,DESMI,impeller_or_wear_part_damage;mechanical_seal_failure,cause_or_mechanism,35.0
MP005:12,MP005,12,DESMI,hydraulic_blockage;bearing_or_lubrication_failure;cavitation;mechanical_seal_failure,symptom;maintenance;inspection;cause_or_mechanism,35.0
MP005:120,MP005,120,DESMI,impeller_or_wear_part_damage;mechanical_seal_failure,cause_or_mechanism,35.0
MP005:6,MP005,6,DESMI,hydraulic_blockage;bearing_or_lubrication_failure,symptom;maintenance;inspection,35.0
MP015:87,MP015,87,SPX_FLOW__JOHNSON_PUMP,impeller_or_wear_part_damage,maintenance;cause_or_mechanism,35.0
MP015:95,MP015,95,SPX_FLOW__JOHNSON_PUMP,impeller_or_wear_part_damage,cause_or_mechanism;maintenance,35.0
MP017:15,MP017,15,GORMAN_RUPP,hydraulic_blockage;air_ingress_or_loss_of_prime;bearing_or_lubrication_failure;pump_motor_misalignment,symptom;maintenance;inspection;cause_or_mechanism,35.0
MP018:7,MP018,7,PATTERSON_PUMP,bearing_or_lubrication_failure;hydraulic_blockage;air_ingress_or_loss_of_prime,cause_or_mechanism;inspection;maintenance;symptom,35.0
MP002:110,MP002,110,ABS,hydraulic_blockage,symptom;cause_or_mechanism;maintenance,34.5
MP001:54,MP001,54,ABS,bearing_or_lubrication_failure;cavitation;pump_motor_misalignment;dry_running_or_maintenance_induced_failure,symptom;cause_or_mechanism;inspection;maintenance,34.0
MP001:60,MP001,60,ABS,bearing_or_lubrication_failure;cavitation;pump_motor_misalignment;dry_running_or_maintenance_induced_failure,symptom;cause_or_mechanism;inspection;maintenance,34.0
MP005:113,MP005,113,DESMI,impeller_or_wear_part_damage;mechanical_seal_failure,cause_or_mechanism,34.0
MP015:82,MP015,82,SPX_FLOW__JOHNSON_PUMP,impeller_or_wear_part_damage,maintenance;cause_or_mechanism,34.0
MP015:88,MP015,88,SPX_FLOW__JOHNSON_PUMP,impeller_or_wear_part_damage,maintenance;cause_or_mechanism,34.0
MP015:92,MP015,92,SPX_FLOW__JOHNSON_PUMP,impeller_or_wear_part_damage,cause_or_mechanism;maintenance,34.0
MP015:94,MP015,94,SPX_FLOW__JOHNSON_PUMP,impeller_or_wear_part_damage,cause_or_mechanism;maintenance,34.0
MP015:96,MP015,96,SPX_FLOW__JOHNSON_PUMP,impeller_or_wear_part_damage,cause_or_mechanism;maintenance,34.0
MP018:30,MP018,30,PATTERSON_PUMP,impeller_or_wear_part_damage;hydraulic_blockage;cavitation;pump_motor_misalignment;bearing_or_lubrication_failure,cause_or_mechanism;maintenance;symptom;inspection,34.0
MP018:6,MP018,6,PATTERSON_PUMP,bearing_or_lubrication_failure;hydraulic_blockage;air_ingress_or_loss_of_prime,cause_or_mechanism;inspection;maintenance;symptom,34.0
MP003:761,MP003,761,ABS,motor_electrical_drive_failure,symptom;cause_or_mechanism;maintenance,33.7613
MP002:109,MP002,109,ABS,hydraulic_blockage,symptom;cause_or_mechanism;maintenance,33.5
MP015:81,MP015,81,SPX_FLOW__JOHNSON_PUMP,impeller_or_wear_part_damage,maintenance;cause_or_mechanism,33.0
MP015:89,MP015,89,SPX_FLOW__JOHNSON_PUMP,impeller_or_wear_part_damage,cause_or_mechanism;maintenance,33.0
MP015:91,MP015,91,SPX_FLOW__JOHNSON_PUMP,impeller_or_wear_part_damage,cause_or_mechanism;maintenance,33.0
MP003:760,MP003,760,ABS,motor_electrical_drive_failure,symptom;cause_or_mechanism;maintenance,32.7613
MP003:762,MP003,762,ABS,motor_electrical_drive_failure,symptom;cause_or_mechanism;maintenance,32.7613
MP007:11,MP007,11,DESMI,mechanical_seal_failure;dry_running_or_maintenance_induced_failure;cavitation,inspection;maintenance;symptom;cause_or_mechanism,32.6004
MP002:108,MP002,108,ABS,hydraulic_blockage,symptom;cause_or_mechanism;maintenance,32.5
MP015:80,MP015,80,SPX_FLOW__JOHNSON_PUMP,impeller_or_wear_part_damage,maintenance;cause_or_mechanism,32.0
MP015:90,MP015,90,SPX_FLOW__JOHNSON_PUMP,impeller_or_wear_part_damage,cause_or_mechanism;maintenance,32.0
MP021:6,MP021,6,IDEX__VIKING_PUMP,mechanical_seal_failure;bearing_or_lubrication_failure;dry_running_or_maintenance_induced_failure,maintenance;symptom;cause_or_mechanism;inspection,32.0
MP003:759,MP003,759,ABS,motor_electrical_drive_failure,symptom;cause_or_mechanism;maintenance,31.7613
MP003:763,MP003,763,ABS,motor_electrical_drive_failure,symptom;cause_or_mechanism;maintenance,31.7613
MP007:10,MP007,10,DESMI,cavitation;mechanical_seal_failure;dry_running_or_maintenance_induced_failure,symptom;inspection;maintenance;cause_or_mechanism,31.6004
MP003:318,MP003,318,ABS,bearing_or_lubrication_failure,symptom;inspection;maintenance;cause_or_mechanism,31.5
MP003:964,MP003,964,ABS,bearing_or_lubrication_failure;motor_electrical_drive_failure,symptom;inspection;maintenance,31.5
MP015:79,MP015,79,SPX_FLOW__JOHNSON_PUMP,impeller_or_wear_part_damage,maintenance;cause_or_mechanism,31.0
MP020:7,MP020,7,INDICOR__CORNELL_PUMP,cavitation;pump_motor_misalignment;hydraulic_blockage,cause_or_mechanism;symptom;maintenance;inspection,31.0
MP021:5,MP021,5,IDEX__VIKING_PUMP,mechanical_seal_failure;bearing_or_lubrication_failure;dry_running_or_maintenance_induced_failure,maintenance;inspection;symptom;cause_or_mechanism,31.0
MP021:7,MP021,7,IDEX__VIKING_PUMP,bearing_or_lubrication_failure;mechanical_seal_failure;dry_running_or_maintenance_induced_failure,maintenance;inspection;cause_or_mechanism;symptom,31.0
MP003:758,MP003,758,ABS,motor_electrical_drive_failure,symptom;cause_or_mechanism;maintenance,30.7613
MP003:764,MP003,764,ABS,motor_electrical_drive_failure,symptom;cause_or_mechanism;maintenance,30.7613
MP007:9,MP007,9,DESMI,mechanical_seal_failure;dry_running_or_maintenance_induced_failure;cavitation,inspection;maintenance;symptom;cause_or_mechanism,30.6004
MP003:317,MP003,317,ABS,bearing_or_lubrication_failure,symptom;inspection;maintenance;cause_or_mechanism,30.5
MP003:319,MP003,319,ABS,bearing_or_lubrication_failure,symptom;inspection;maintenance;cause_or_mechanism,30.5
MP003:963,MP003,963,ABS,bearing_or_lubrication_failure;motor_electrical_drive_failure,symptom;inspection;maintenance,30.5
MP003:965,MP003,965,ABS,bearing_or_lubrication_failure,symptom;inspection;maintenance,30.5
MP019:20,MP019,20,ABB,bearing_or_lubrication_failure,symptom;cause_or_mechanism;inspection;maintenance,30.0
MP020:6,MP020,6,INDICOR__CORNELL_PUMP,cavitation;pump_motor_misalignment;hydraulic_blockage,cause_or_mechanism;symptom;maintenance;inspection,30.0
MP020:8,MP020,8,INDICOR__CORNELL_PUMP,hydraulic_blockage;cavitation;pump_motor_misalignment,cause_or_mechanism;inspection;symptom;maintenance,30.0
MP021:4,MP021,4,IDEX__VIKING_PUMP,mechanical_seal_failure;bearing_or_lubrication_failure;dry_running_or_maintenance_induced_failure,maintenance;symptom;cause_or_mechanism;inspection,30.0
MP021:8,MP021,8,IDEX__VIKING_PUMP,mechanical_seal_failure;bearing_or_lubrication_failure;dry_running_or_maintenance_induced_failure,maintenance;symptom;cause_or_mechanism;inspection,30.0
MP007:8,MP007,8,DESMI,cavitation;mechanical_seal_failure;dry_running_or_maintenance_induced_failure,symptom;inspection;maintenance;cause_or_mechanism,29.6004
MP003:316,MP003,316,ABS,bearing_or_lubrication_failure,symptom;inspection;maintenance;cause_or_mechanism,29.5
MP003:320,MP003,320,ABS,bearing_or_lubrication_failure,symptom;inspection;maintenance;cause_or_mechanism,29.5
MP003:962,MP003,962,ABS,bearing_or_lubrication_failure;motor_electrical_drive_failure,symptom;inspection;maintenance,29.5
MP003:966,MP003,966,ABS,bearing_or_lubrication_failure,symptom;inspection;maintenance,29.5
MP019:19,MP019,19,ABB,bearing_or_lubrication_failure,symptom;inspection;maintenance;cause_or_mechanism,29.0
MP020:5,MP020,5,INDICOR__CORNELL_PUMP,cavitation;hydraulic_blockage;pump_motor_misalignment,cause_or_mechanism;symptom;inspection;maintenance,29.0
MP020:9,MP020,9,INDICOR__CORNELL_PUMP,pump_motor_misalignment;cavitation;hydraulic_blockage,cause_or_mechanism;maintenance;symptom;inspection,29.0
MP021:3,MP021,3,IDEX__VIKING_PUMP,mechanical_seal_failure;dry_running_or_maintenance_induced_failure;bearing_or_lubrication_failure,maintenance;symptom;cause_or_mechanism;inspection,29.0
MP007:7,MP007,7,DESMI,cavitation;mechanical_seal_failure;dry_running_or_maintenance_induced_failure,symptom;inspection;maintenance;cause_or_mechanism,28.6004
MP003:315,MP003,315,ABS,bearing_or_lubrication_failure,symptom;inspection;maintenance;cause_or_mechanism,28.5
MP003:321,MP003,321,ABS,bearing_or_lubrication_failure,symptom;inspection;maintenance;cause_or_mechanism,28.5
MP003:961,MP003,961,ABS,motor_electrical_drive_failure;bearing_or_lubrication_failure,symptom;inspection;maintenance,28.5
MP003:967,MP003,967,ABS,bearing_or_lubrication_failure,symptom;inspection;maintenance,28.5
MP007:30,MP007,30,DESMI,impeller_or_wear_part_damage;mechanical_seal_failure,maintenance;cause_or_mechanism,28.0
MP019:18,MP019,18,ABB,bearing_or_lubrication_failure,symptom;cause_or_mechanism;inspection;maintenance,28.0
MP020:10,MP020,10,INDICOR__CORNELL_PUMP,cavitation;pump_motor_misalignment;hydraulic_blockage,cause_or_mechanism;symptom;maintenance;inspection,28.0
MP020:4,MP020,4,INDICOR__CORNELL_PUMP,cavitation,cause_or_mechanism;symptom,28.0
MP021:2,MP021,2,IDEX__VIKING_PUMP,dry_running_or_maintenance_induced_failure;mechanical_seal_failure;bearing_or_lubrication_failure,maintenance;symptom;inspection;cause_or_mechanism,28.0
MP016:4,MP016,4,XYLEM__JABSCO,cavitation;mechanical_seal_failure;impeller_or_wear_part_damage;dry_running_or_maintenance_induced_failure;hydraulic_blockage;pipe_or_valve_integrity_failure;bearing_or_lubrication_failure,maintenance;cause_or_mechanism;inspection;symptom,27.9711
MP003:960,MP003,960,ABS,motor_electrical_drive_failure;bearing_or_lubrication_failure,symptom;inspection;maintenance,27.5
MP007:29,MP007,29,DESMI,impeller_or_wear_part_damage;mechanical_seal_failure,maintenance;cause_or_mechanism,27.0
MP007:31,MP007,31,DESMI,impeller_or_wear_part_damage;mechanical_seal_failure,maintenance;cause_or_mechanism,27.0
MP019:17,MP019,17,ABB,bearing_or_lubrication_failure;hydraulic_blockage,maintenance;symptom;cause_or_mechanism;inspection,27.0
MP019:23,MP019,23,ABB,bearing_or_lubrication_failure,symptom;cause_or_mechanism;inspection;maintenance,27.0
MP020:11,MP020,11,INDICOR__CORNELL_PUMP,pump_motor_misalignment;cavitation;hydraulic_blockage,cause_or_mechanism;maintenance;symptom;inspection,27.0
MP016:3,MP016,3,XYLEM__JABSCO,cavitation;mechanical_seal_failure;impeller_or_wear_part_damage;dry_running_or_maintenance_induced_failure;hydraulic_blockage;pipe_or_valve_integrity_failure;bearing_or_lubrication_failure,maintenance;symptom;inspection;cause_or_mechanism,26.9711
MP016:5,MP016,5,XYLEM__JABSCO,pipe_or_valve_integrity_failure;bearing_or_lubrication_failure;cavitation;mechanical_seal_failure;impeller_or_wear_part_damage;dry_running_or_maintenance_induced_failure;hydraulic_blockage,symptom;inspection;maintenance;cause_or_mechanism,26.9711
MP003:959,MP003,959,ABS,motor_electrical_drive_failure;bearing_or_lubrication_failure,symptom;inspection;maintenance,26.5
MP017:9,MP017,9,GORMAN_RUPP,air_ingress_or_loss_of_prime;mechanical_seal_failure;bearing_or_lubrication_failure,maintenance;symptom;cause_or_mechanism;inspection,26.2009
MP007:28,MP007,28,DESMI,impeller_or_wear_part_damage;mechanical_seal_failure,maintenance;cause_or_mechanism,26.0
MP018:5,MP018,5,PATTERSON_PUMP,bearing_or_lubrication_failure;cavitation,cause_or_mechanism;inspection;maintenance;symptom,26.0
MP019:16,MP019,16,ABB,bearing_or_lubrication_failure;hydraulic_blockage,maintenance;symptom;inspection;cause_or_mechanism,26.0
MP020:12,MP020,12,INDICOR__CORNELL_PUMP,pump_motor_misalignment;cavitation,maintenance;inspection;cause_or_mechanism;symptom,26.0
MP016:2,MP016,2,XYLEM__JABSCO,cavitation;mechanical_seal_failure;impeller_or_wear_part_damage;dry_running_or_maintenance_induced_failure;hydraulic_blockage;pipe_or_valve_integrity_failure;bearing_or_lubrication_failure,maintenance;cause_or_mechanism;inspection;symptom,25.9711
MP016:6,MP016,6,XYLEM__JABSCO,cavitation;mechanical_seal_failure;impeller_or_wear_part_damage;dry_running_or_maintenance_induced_failure;hydraulic_blockage;pipe_or_valve_integrity_failure;bearing_or_lubrication_failure,maintenance;cause_or_mechanism;inspection;symptom,25.9711
MP003:958,MP003,958,ABS,motor_electrical_drive_failure;bearing_or_lubrication_failure,symptom;inspection;maintenance,25.5
MP017:10,MP017,10,GORMAN_RUPP,air_ingress_or_loss_of_prime;mechanical_seal_failure;bearing_or_lubrication_failure,maintenance;symptom;cause_or_mechanism;inspection,25.2009
MP017:8,MP017,8,GORMAN_RUPP,mechanical_seal_failure;air_ingress_or_loss_of_prime;bearing_or_lubrication_failure,maintenance;cause_or_mechanism;inspection;symptom,25.2009
MP007:27,MP007,27,DESMI,impeller_or_wear_part_damage;mechanical_seal_failure,maintenance;cause_or_mechanism,25.0
MP019:15,MP019,15,ABB,bearing_or_lubrication_failure;hydraulic_blockage,symptom;maintenance;inspection;cause_or_mechanism,25.0
MP016:1,MP016,1,XYLEM__JABSCO,cavitation;mechanical_seal_failure;impeller_or_wear_part_damage;dry_running_or_maintenance_induced_failure;hydraulic_blockage,maintenance;cause_or_mechanism;inspection;symptom,24.9711
MP016:7,MP016,7,XYLEM__JABSCO,bearing_or_lubrication_failure;cavitation;mechanical_seal_failure;impeller_or_wear_part_damage;dry_running_or_maintenance_induced_failure;hydraulic_blockage;pipe_or_valve_integrity_failure,maintenance;cause_or_mechanism;inspection;symptom,24.9711
MP016:15,MP016,15,XYLEM__JABSCO,cavitation,maintenance;symptom;cause_or_mechanism,24.9241
MP005:13,MP005,13,DESMI,cavitation;mechanical_seal_failure,symptom;inspection;cause_or_mechanism;maintenance,24.5
MP017:11,MP017,11,GORMAN_RUPP,air_ingress_or_loss_of_prime;mechanical_seal_failure;bearing_or_lubrication_failure,maintenance;cause_or_mechanism;symptom;inspection,24.2009
MP017:7,MP017,7,GORMAN_RUPP,air_ingress_or_loss_of_prime;mechanical_seal_failure,maintenance;symptom;cause_or_mechanism;inspection,24.2009
MP005:18,MP005,18,DESMI,mechanical_seal_failure,cause_or_mechanism;inspection;maintenance,24.0
MP017:14,MP017,14,GORMAN_RUPP,bearing_or_lubrication_failure;air_ingress_or_loss_of_prime;mechanical_seal_failure,inspection;maintenance;cause_or_mechanism;symptom,24.0
MP019:14,MP019,14,ABB,bearing_or_lubrication_failure;hydraulic_blockage,inspection;maintenance;symptom;cause_or_mechanism,24.0
MP016:8,MP016,8,XYLEM__JABSCO,pipe_or_valve_integrity_failure;bearing_or_lubrication_failure;cavitation;mechanical_seal_failure;impeller_or_wear_part_damage;dry_running_or_maintenance_induced_failure;hydraulic_blockage,symptom;inspection;maintenance;cause_or_mechanism,23.9711
MP016:14,MP016,14,XYLEM__JABSCO,cavitation,maintenance;symptom;cause_or_mechanism,23.9241
MP016:16,MP016,16,XYLEM__JABSCO,cavitation,maintenance;symptom;cause_or_mechanism,23.9241
MP004:26,MP004,26,DESMI,impeller_or_wear_part_damage,cause_or_mechanism;maintenance,23.8072
MP004:32,MP004,32,DESMI,impeller_or_wear_part_damage,cause_or_mechanism;maintenance,23.7918
MP003:863,MP003,863,ABS,motor_electrical_drive_failure,symptom;cause_or_mechanism;inspection,23.653
MP005:14,MP005,14,DESMI,mechanical_seal_failure;cavitation,symptom;cause_or_mechanism;maintenance;inspection,23.5
MP017:12,MP017,12,GORMAN_RUPP,air_ingress_or_loss_of_prime;bearing_or_lubrication_failure;mechanical_seal_failure,maintenance;symptom;cause_or_mechanism;inspection,23.2009
MP017:6,MP017,6,GORMAN_RUPP,air_ingress_or_loss_of_prime;mechanical_seal_failure,maintenance;symptom;cause_or_mechanism;inspection,23.2009
MP003:608,MP003,608,ABS,hydraulic_blockage,symptom;cause_or_mechanism;maintenance;inspection,23.1548
MP005:17,MP005,17,DESMI,mechanical_seal_failure;cavitation,cause_or_mechanism;inspection;maintenance;symptom,23.0
MP005:19,MP005,19,DESMI,mechanical_seal_failure,cause_or_mechanism;inspection;maintenance,23.0
MP017:13,MP017,13,GORMAN_RUPP,bearing_or_lubrication_failure;air_ingress_or_loss_of_prime;mechanical_seal_failure,inspection;maintenance;cause_or_mechanism;symptom,23.0
MP019:13,MP019,13,ABB,bearing_or_lubrication_failure;hydraulic_blockage,maintenance;symptom;inspection;cause_or_mechanism,23.0
MP016:9,MP016,9,XYLEM__JABSCO,bearing_or_lubrication_failure;cavitation;mechanical_seal_failure;impeller_or_wear_part_damage;dry_running_or_maintenance_induced_failure;hydraulic_blockage;pipe_or_valve_integrity_failure,maintenance;cause_or_mechanism;inspection;symptom,22.9711
MP016:13,MP016,13,XYLEM__JABSCO,cavitation,maintenance;symptom;cause_or_mechanism,22.9241
MP016:17,MP016,17,XYLEM__JABSCO,cavitation,maintenance;symptom;cause_or_mechanism,22.9241
MP004:25,MP004,25,DESMI,impeller_or_wear_part_damage,cause_or_mechanism;maintenance,22.8072
MP004:27,MP004,27,DESMI,impeller_or_wear_part_damage,cause_or_mechanism;maintenance,22.8072
MP003:893,MP003,893,ABS,cavitation,symptom;inspection;maintenance,22.7271
MP003:862,MP003,862,ABS,motor_electrical_drive_failure,symptom;cause_or_mechanism;inspection,22.653
MP003:864,MP003,864,ABS,motor_electrical_drive_failure,symptom;cause_or_mechanism;inspection,22.653
MP005:15,MP005,15,DESMI,cavitation;mechanical_seal_failure,symptom;inspection;cause_or_mechanism;maintenance,22.5
MP005:145,MP005,145,DESMI,bearing_or_lubrication_failure,maintenance;inspection,22.2791
MP005:149,MP005,149,DESMI,bearing_or_lubrication_failure,maintenance;inspection,22.2175
MP017:5,MP017,5,GORMAN_RUPP,mechanical_seal_failure;air_ingress_or_loss_of_prime,maintenance;cause_or_mechanism;inspection;symptom,22.2009
MP003:607,MP003,607,ABS,hydraulic_blockage,symptom;cause_or_mechanism;maintenance;inspection,22.1548
MP003:609,MP003,609,ABS,hydraulic_blockage,maintenance;symptom;cause_or_mechanism;inspection,22.1548
MP005:16,MP005,16,DESMI,cavitation;mechanical_seal_failure,symptom;inspection;cause_or_mechanism;maintenance,22.0
MP005:20,MP005,20,DESMI,mechanical_seal_failure;cavitation,cause_or_mechanism;inspection;maintenance;symptom,22.0
MP005:23,MP005,23,DESMI,cavitation,symptom;inspection;maintenance,22.0
MP019:12,MP019,12,ABB,bearing_or_lubrication_failure;hydraulic_blockage,symptom;maintenance;inspection;cause_or_mechanism,22.0
MP016:10,MP016,10,XYLEM__JABSCO,bearing_or_lubrication_failure;cavitation;mechanical_seal_failure;impeller_or_wear_part_damage;dry_running_or_maintenance_induced_failure;hydraulic_blockage;pipe_or_valve_integrity_failure,maintenance;cause_or_mechanism;inspection;symptom,21.9711
MP016:12,MP016,12,XYLEM__JABSCO,cavitation,maintenance;symptom;cause_or_mechanism,21.9241
MP016:18,MP016,18,XYLEM__JABSCO,cavitation,maintenance,21.9241
MP004:28,MP004,28,DESMI,impeller_or_wear_part_damage,cause_or_mechanism;maintenance,21.8072
MP004:30,MP004,30,DESMI,impeller_or_wear_part_damage,cause_or_mechanism;maintenance,21.7918
MP004:34,MP004,34,DESMI,impeller_or_wear_part_damage,cause_or_mechanism;maintenance,21.7918
MP003:892,MP003,892,ABS,cavitation,symptom;inspection;maintenance,21.7271
MP003:894,MP003,894,ABS,cavitation,symptom;inspection;maintenance,21.7271
MP003:861,MP003,861,ABS,motor_electrical_drive_failure,symptom;cause_or_mechanism;inspection,21.653
MP003:865,MP003,865,ABS,motor_electrical_drive_failure,symptom;cause_or_mechanism;inspection,21.653
MP020:15,MP020,15,INDICOR__CORNELL_PUMP,pump_motor_misalignment,maintenance;inspection,21.5
MP005:144,MP005,144,DESMI,bearing_or_lubrication_failure,maintenance;inspection,21.2791
MP005:146,MP005,146,DESMI,bearing_or_lubrication_failure,maintenance;inspection,21.2791
MP005:148,MP005,148,DESMI,bearing_or_lubrication_failure,maintenance;inspection,21.2175
MP005:150,MP005,150,DESMI,bearing_or_lubrication_failure,maintenance;inspection,21.2175
MP003:606,MP003,606,ABS,hydraulic_blockage,symptom;cause_or_mechanism;maintenance;inspection,21.1548
MP003:610,MP003,610,ABS,hydraulic_blockage,symptom;cause_or_mechanism;maintenance;inspection,21.1548
MP001:48,MP001,48,ABS,pump_motor_misalignment,symptom;inspection;cause_or_mechanism;maintenance,21.0721
MP003:62,MP003,62,ABS,hydraulic_blockage,inspection;maintenance;symptom;cause_or_mechanism,21.0616
MP005:21,MP005,21,DESMI,mechanical_seal_failure;cavitation,cause_or_mechanism;inspection;maintenance;symptom,21.0
MP005:22,MP005,22,DESMI,cavitation,symptom;inspection;maintenance,21.0
MP005:24,MP005,24,DESMI,cavitation,symptom;inspection;maintenance,21.0
MP019:11,MP019,11,ABB,bearing_or_lubrication_failure;hydraulic_blockage,inspection;maintenance;symptom;cause_or_mechanism,21.0
MP019:8,MP019,8,ABB,bearing_or_lubrication_failure,inspection;maintenance;cause_or_mechanism;symptom,21.0
MP016:11,MP016,11,XYLEM__JABSCO,cavitation,maintenance;symptom;cause_or_mechanism,20.9241
MP004:23,MP004,23,DESMI,impeller_or_wear_part_damage,cause_or_mechanism,20.8072
MP018:2,MP018,2,PATTERSON_PUMP,cavitation,maintenance;inspection;symptom,20.7619
MP001:102,MP001,102,ABS,pump_motor_misalignment,inspection;cause_or_mechanism;symptom,20.7452
MP003:891,MP003,891,ABS,cavitation,symptom;inspection;maintenance,20.7271
MP003:895,MP003,895,ABS,cavitation,symptom;inspection;maintenance,20.7271
MP003:860,MP003,860,ABS,motor_electrical_drive_failure,symptom;cause_or_mechanism;inspection,20.653
MP003:866,MP003,866,ABS,motor_electrical_drive_failure,symptom;cause_or_mechanism;inspection,20.653
MP020:14,MP020,14,INDICOR__CORNELL_PUMP,pump_motor_misalignment,maintenance;inspection,20.5
MP020:16,MP020,16,INDICOR__CORNELL_PUMP,pump_motor_misalignment;air_ingress_or_loss_of_prime,maintenance;inspection;cause_or_mechanism,20.5
MP001:47,MP001,47,ABS,pump_motor_misalignment,inspection;symptom;maintenance;cause_or_mechanism,20.4312
MP001:29,MP001,29,ABS,bearing_or_lubrication_failure,symptom;inspection;maintenance;cause_or_mechanism,20.3618
MP005:143,MP005,143,DESMI,bearing_or_lubrication_failure,maintenance;inspection,20.2791
MP003:380,MP003,380,ABS,hydraulic_blockage,inspection;maintenance;cause_or_mechanism,20.25
MP005:151,MP005,151,DESMI,bearing_or_lubrication_failure,maintenance;inspection,20.2175
MP003:605,MP003,605,ABS,hydraulic_blockage,symptom;cause_or_mechanism;maintenance;inspection,20.1548
MP003:611,MP003,611,ABS,hydraulic_blockage,symptom;cause_or_mechanism;maintenance;inspection,20.1548
MP001:49,MP001,49,ABS,pump_motor_misalignment,symptom;inspection;cause_or_mechanism;maintenance,20.0721
MP003:61,MP003,61,ABS,hydraulic_blockage,inspection;maintenance;symptom;cause_or_mechanism,20.0616
MP003:63,MP003,63,ABS,hydraulic_blockage,inspection;maintenance;symptom;cause_or_mechanism,20.0616
MP004:22,MP004,22,DESMI,impeller_or_wear_part_damage,cause_or_mechanism,20.0
MP005:25,MP005,25,DESMI,cavitation,symptom;inspection;maintenance,20.0
MP019:7,MP019,7,ABB,bearing_or_lubrication_failure,inspection;maintenance;cause_or_mechanism;symptom,20.0
MP019:9,MP019,9,ABB,bearing_or_lubrication_failure,inspection;maintenance;cause_or_mechanism;symptom,20.0
MP018:1,MP018,1,PATTERSON_PUMP,cavitation,maintenance;inspection;symptom,19.7619
MP018:3,MP018,3,PATTERSON_PUMP,cavitation,maintenance;inspection;symptom,19.7619
MP001:101,MP001,101,ABS,pump_motor_misalignment,inspection;cause_or_mechanism;symptom,19.7452
MP001:103,MP001,103,ABS,pump_motor_misalignment,inspection;cause_or_mechanism;symptom,19.7452
MP003:890,MP003,890,ABS,cavitation,symptom;inspection;maintenance,19.7271
MP003:896,MP003,896,ABS,cavitation,symptom;inspection;maintenance,19.7271
MP020:13,MP020,13,INDICOR__CORNELL_PUMP,pump_motor_misalignment,maintenance;inspection,19.5
MP020:17,MP020,17,INDICOR__CORNELL_PUMP,pump_motor_misalignment;air_ingress_or_loss_of_prime,maintenance;inspection;cause_or_mechanism,19.5
MP001:46,MP001,46,ABS,pump_motor_misalignment,symptom;inspection;cause_or_mechanism;maintenance,19.4312
MP001:28,MP001,28,ABS,bearing_or_lubrication_failure,symptom;inspection;maintenance;cause_or_mechanism,19.3618
MP001:30,MP001,30,ABS,bearing_or_lubrication_failure,symptom;inspection;maintenance;cause_or_mechanism,19.3618
MP005:142,MP005,142,DESMI,bearing_or_lubrication_failure,maintenance;inspection,19.2791
MP003:379,MP003,379,ABS,hydraulic_blockage,inspection;maintenance;cause_or_mechanism,19.25
MP003:381,MP003,381,ABS,hydraulic_blockage,inspection;maintenance;cause_or_mechanism,19.25
MP005:152,MP005,152,DESMI,bearing_or_lubrication_failure,maintenance;inspection,19.2175
MP003:612,MP003,612,ABS,hydraulic_blockage,maintenance;symptom;cause_or_mechanism;inspection,19.1548
MP001:50,MP001,50,ABS,pump_motor_misalignment,symptom;inspection;cause_or_mechanism;maintenance,19.0721
MP003:60,MP003,60,ABS,hydraulic_blockage,inspection;maintenance;symptom;cause_or_mechanism,19.0616
MP003:64,MP003,64,ABS,hydraulic_blockage,inspection;maintenance;symptom;cause_or_mechanism,19.0616
MP005:26,MP005,26,DESMI,cavitation,symptom;inspection;maintenance,19.0
MP019:10,MP019,10,ABB,bearing_or_lubrication_failure,inspection;maintenance;cause_or_mechanism;symptom,19.0
MP019:6,MP019,6,ABB,bearing_or_lubrication_failure,inspection;maintenance;cause_or_mechanism;symptom,19.0
MP001:100,MP001,100,ABS,pump_motor_misalignment,inspection;cause_or_mechanism;symptom,18.7452
MP001:104,MP001,104,ABS,pump_motor_misalignment,inspection;cause_or_mechanism;symptom,18.7452
MP020:18,MP020,18,INDICOR__CORNELL_PUMP,pump_motor_misalignment;air_ingress_or_loss_of_prime,maintenance;inspection;cause_or_mechanism,18.5
MP001:45,MP001,45,ABS,pump_motor_misalignment,symptom;inspection;cause_or_mechanism;maintenance,18.4312
MP001:27,MP001,27,ABS,bearing_or_lubrication_failure,symptom;inspection;maintenance;cause_or_mechanism,18.3618
MP001:31,MP001,31,ABS,bearing_or_lubrication_failure,symptom;inspection;maintenance;cause_or_mechanism,18.3618
MP003:378,MP003,378,ABS,hydraulic_blockage,inspection;maintenance;cause_or_mechanism,18.25
MP003:382,MP003,382,ABS,hydraulic_blockage,inspection;maintenance;cause_or_mechanism,18.25
MP001:51,MP001,51,ABS,pump_motor_misalignment,symptom;inspection;cause_or_mechanism;maintenance,18.0721
MP003:59,MP003,59,ABS,hydraulic_blockage,inspection;maintenance;symptom;cause_or_mechanism,18.0616
MP003:65,MP003,65,ABS,hydraulic_blockage,inspection;maintenance;symptom;cause_or_mechanism,18.0616
MP003:573,MP003,573,ABS,pipe_or_valve_integrity_failure,maintenance;inspection;symptom,18.0
MP004:20,MP004,20,DESMI,impeller_or_wear_part_damage,cause_or_mechanism,18.0
MP019:5,MP019,5,ABB,bearing_or_lubrication_failure,inspection;maintenance;cause_or_mechanism;symptom,18.0
MP001:105,MP001,105,ABS,pump_motor_misalignment,inspection;cause_or_mechanism;symptom,17.7452
MP001:99,MP001,99,ABS,pump_motor_misalignment,inspection;cause_or_mechanism;symptom,17.7452
MP001:44,MP001,44,ABS,pump_motor_misalignment,inspection;symptom;maintenance;cause_or_mechanism,17.4312
MP001:26,MP001,26,ABS,bearing_or_lubrication_failure,symptom;inspection;maintenance;cause_or_mechanism,17.3618
MP001:32,MP001,32,ABS,bearing_or_lubrication_failure,symptom;inspection;maintenance;cause_or_mechanism,17.3618
MP003:377,MP003,377,ABS,hydraulic_blockage,inspection;maintenance;cause_or_mechanism,17.25
MP003:383,MP003,383,ABS,hydraulic_blockage,inspection;maintenance;cause_or_mechanism,17.25
MP003:572,MP003,572,ABS,pipe_or_valve_integrity_failure,maintenance;inspection;symptom,17.0
MP003:574,MP003,574,ABS,pipe_or_valve_integrity_failure,maintenance;inspection;symptom,17.0
MP004:19,MP004,19,DESMI,impeller_or_wear_part_damage,cause_or_mechanism,17.0
MP003:571,MP003,571,ABS,pipe_or_valve_integrity_failure,maintenance;inspection;symptom,16.0
MP003:575,MP003,575,ABS,pipe_or_valve_integrity_failure,maintenance;inspection;symptom,16.0
MP020:19,MP020,19,INDICOR__CORNELL_PUMP,air_ingress_or_loss_of_prime,cause_or_mechanism;inspection;maintenance,15.5
MP003:570,MP003,570,ABS,pipe_or_valve_integrity_failure,maintenance;inspection;symptom,15.0
MP003:576,MP003,576,ABS,pipe_or_valve_integrity_failure,maintenance;inspection;symptom,15.0
MP015:110,MP015,110,SPX_FLOW__JOHNSON_PUMP,impeller_or_wear_part_damage,maintenance;cause_or_mechanism;inspection,15.0
MP015:109,MP015,109,SPX_FLOW__JOHNSON_PUMP,impeller_or_wear_part_damage,maintenance;cause_or_mechanism;inspection,14.0
MP015:111,MP015,111,SPX_FLOW__JOHNSON_PUMP,impeller_or_wear_part_damage,maintenance;cause_or_mechanism;inspection,14.0
MP003:669,MP003,669,ABS,hydraulic_blockage,cause_or_mechanism;maintenance,13.039
MP015:108,MP015,108,SPX_FLOW__JOHNSON_PUMP,impeller_or_wear_part_damage,maintenance;cause_or_mechanism;inspection,13.0
MP003:668,MP003,668,ABS,hydraulic_blockage,cause_or_mechanism;maintenance,12.039
MP003:670,MP003,670,ABS,hydraulic_blockage,cause_or_mechanism;maintenance,12.039
MP015:107,MP015,107,SPX_FLOW__JOHNSON_PUMP,impeller_or_wear_part_damage,maintenance;cause_or_mechanism;inspection,12.0
MP015:113,MP015,113,SPX_FLOW__JOHNSON_PUMP,impeller_or_wear_part_damage,maintenance;cause_or_mechanism;inspection,12.0
MP003:667,MP003,667,ABS,hydraulic_blockage,cause_or_mechanism;maintenance,11.039
MP003:671,MP003,671,ABS,hydraulic_blockage,cause_or_mechanism;maintenance,11.039
MP003:666,MP003,666,ABS,hydraulic_blockage,cause_or_mechanism;maintenance,10.039
MP003:672,MP003,672,ABS,hydraulic_blockage,cause_or_mechanism;maintenance,10.039
